,NOMBRE,TIPO DOCUMENTO,NRO DOCUMENTO,ASISTENCIAS,% DE ASISTENCIAS,ESTADO
jflatorreo@unal.edu.co, Neider Duan Barbosa Castro ,1,1030586558,"INSERT INTO `Usuarios`(`Id`, `username`, `CC`,`valor`, `Tipo`) VALUES ('1030586558',' Neider Duan Barbosa Castro ','1',0,'P');",0 %,red
jflatorreo@unal.edu.co, Angélica Bustos García,2,1073242706,"INSERT INTO `Usuarios`(`Id`, `username`, `CC`,`valor`, `Tipo`) VALUES ('1073242706',' Angélica Bustos García','2',0,'P');",0 %,red
jflatorreo@unal.edu.co, Julian Andres Falla Castillo ,3,1022375913,"INSERT INTO `Usuarios`(`Id`, `username`, `CC`,`valor`, `Tipo`) VALUES ('1022375913',' Julian Andres Falla Castillo ','3',0,'P');",0 %,red
jflatorreo@unal.edu.co, Waleska Rodríguez Rodríguez ,4,1140851152,"INSERT INTO `Usuarios`(`Id`, `username`, `CC`,`valor`, `Tipo`) VALUES ('1140851152',' Waleska Rodríguez Rodríguez ','4',0,'P');",0 %,red
jflatorreo@unal.edu.co, Oscar Palacio León ,5,79521114,"INSERT INTO `Usuarios`(`Id`, `username`, `CC`,`valor`, `Tipo`) VALUES ('79521114',' Oscar Palacio León ','5',0,'P');",0 %,red
jflatorreo@unal.edu.co, Nicolás Alberto Ramírez Clavijo,6,1018512700,"INSERT INTO `Usuarios`(`Id`, `username`, `CC`,`valor`, `Tipo`) VALUES ('1018512700',' Nicolás Alberto Ramírez Clavijo','6',0,'P');",0 %,red
jflatorreo@unal.edu.co, Leder Yhivert Aguirre Ramirez ,7,1032498524,"INSERT INTO `Usuarios`(`Id`, `username`, `CC`,`valor`, `Tipo`) VALUES ('1032498524',' Leder Yhivert Aguirre Ramirez ','7',0,'P');",0 %,red
jflatorreo@unal.edu.co, Nelson David Navarro Diaz,8,1068390173,"INSERT INTO `Usuarios`(`Id`, `username`, `CC`,`valor`, `Tipo`) VALUES ('1068390173',' Nelson David Navarro Diaz','8',0,'P');",0 %,red
jflatorreo@unal.edu.co, James Mauricio Enríquez Rodríguez,9,112320711,"INSERT INTO `Usuarios`(`Id`, `username`, `CC`,`valor`, `Tipo`) VALUES ('112320711',' James Mauricio Enríquez Rodríguez','9',0,'P');",0 %,red
jflatorreo@unal.edu.co, Aida Alejandra Valbuena Molano,10,1016051087,"INSERT INTO `Usuarios`(`Id`, `username`, `CC`,`valor`, `Tipo`) VALUES ('1016051087',' Aida Alejandra Valbuena Molano','10',0,'P');",0 %,red
